{
	"FIRST_FIT":	{
		"time":	0.072861,
		"fragmentation":	4.2175485055391555
	},
	"BEST_FIT":	{
		"time":	0.092057,
		"fragmentation":	0.813631270332246
	},
	"WORST_FIT":	{
		"time":	0.119403,
		"fragmentation":	20.476370640628666
	}
}
